Name,Time
SONU,21:36:37
ELON_MUSK,21:37:16
BILGATES,21:39:13
XI_JINPING,01:07:40
MAMTA,18:25:13
LAEEQ,19:24:50
LAEEQ,09/03/2023
SAJJAL,09/03/2023
LAEEQ,09/04/2023
LAEEQ,09/16/2023
LAEEQ,10/01/2023
BILGATES,05/06/2024
BILGATES,05/07/2024


MONISHA,05/09/2024
MONISHA,05/09/2024
MONISHA,05/09/2024
MONISHA,05/09/2024
MONISHA,05/09/2024
MONISHA,05/09/2024
MONISHA,05/09/2024
MONISHA,05/09/2024
MONISHA,05/09/2024
MONISHA,05/09/2024
MONISHA,05/09/2024
MONISHA,05/09/2024
MONISHA,05/09/2024
MONISHA,05/09/2024
MONISHA,05/09/2024
NAVYA,05/09/2024
NAVYA,05/09/2024
NAVYA,05/09/2024
NAVYA,05/09/2024
NAVYA,05/09/2024
NAVYA,05/09/2024
NAVYA,05/09/2024
NAVYA,05/09/2024
NAVYA,05/09/2024
NAVYA,05/09/2024
NAVYA,05/09/2024
NAVYA,05/09/2024
NAVYA,05/09/2024
NAVYA,05/09/2024
NAVYA,05/09/2024
NAVYA,05/09/2024
NAVYA,05/09/2024
NAVYA,05/09/2024
NAVYA,05/09/2024
NAVYA,05/09/2024
NAVYA,05/09/2024
NAVYA,05/09/2024
NAVYA,05/09/2024
NAVYA,05/09/2024
NAVYA,05/09/2024
NAVYA,05/09/2024
NAVYA,05/09/2024
NAVYA,05/09/2024
NAVYA,05/09/2024
NAVYA,05/09/2024
NAVYA,05/09/2024
NAVYA,05/09/2024
NAVYA,05/09/2024
NAVYA,05/09/2024
NAVYA,05/09/2024
NAVYA,05/09/2024
NAVYA,05/09/2024
NAVYA,05/09/2024
NAVYA,05/09/2024
NAVYA,05/09/2024
NAVYA,05/09/2024
NAVYA,05/09/2024
NAVYA,05/09/2024